,Gene_set,Term,Overlap,P-value,Adjusted P-value,Old P-value,Old Adjusted P-value,Odds Ratio,Combined Score,Genes
0,Reactome_2022,Cell Cycle R-HSA-1640170,141/654,1.0409017634108888e-55,1.1959961261591113e-52,0,0,6.464463863503287,818.4146532837361,ERCC6L;NUP107;ZWILCH;DSCC1;GMNN;BUB1B;SMC4;PSMD8;CDC20;TUBB6;TUBB3;MYC;CHEK1;RCC1;NEK2;OIP5;KNTC1;FBXO5;GTSE1;BORA;VRK1;ESCO2;KNL1;CDC25C;TUBA4A;CDC25B;SGO1;CCNE2;CCNE1;DKC1;NHP2;CHMP4C;DNA2;KIF20A;PIF1;BLM;CDCA5;CDCA8;NCAPG;HMMR;PKMYT1;NCAPH;SKA1;CCNB2;BRIP1;CCNB1;CLSPN;BARD1;PLK4;CDT1;UBE2C;PLK1;CDC7;CDC6;NDC80;DHFR;POLA1;TPX2;POLA2;KIF18A;UBE2S;CDK1;TOP2A;MCM7;MCM8;NCAPG2;MCM10;BRCA1;FOXM1;BRCA2;CHTF18;LMNB1;TUBA1C;EXO1;MIS18BP1;NUF2;MYBL2;TK1;SPDL1;TOPBP1;POLE;NDC1;RFC5;RFC4;HAUS6;KIF23;RANGAP1;TUBG1;MASTL;CCNA2;TUBB2B;DBF4;RBL1;ESPL1;INCENP;MCM3;BIRC5;MCM4;MCM5;KIF2C;MCM6;PRIM2;PCNA;PRIM1;LIN9;TYMS;CENPA;AURKB;AURKA;PSMC3IP;CDC45;HAUS8;POLD1;NSD2;RBBP8;BUB1;H2AZ1;GINS1;CENPU;GINS2;CENPW;RRM2;GINS3;TUBB4B;CENPE;CENPF;RAD51;MIS18A;CENPH;CENPI;POLE2;CENPK;CENPM;CENPN;NCAPD2;NCAPD3;CENPQ;SPC24;LPIN3;MAD2L1;SPC25
1,Reactome_2022,"Cell Cycle, Mitotic R-HSA-69278",119/523,1.8240768047961773e-49,1.0479321243554038e-46,0,0,6.77947406331262,760.8305143256117,ERCC6L;NUP107;ZWILCH;GMNN;BUB1B;SMC4;PSMD8;CDC20;TUBB6;TUBB3;MYC;RCC1;NEK2;KNTC1;FBXO5;GTSE1;BORA;VRK1;ESCO2;KNL1;CDC25C;TUBA4A;CDC25B;SGO1;CCNE2;CCNE1;CHMP4C;DNA2;KIF20A;CDCA5;CDCA8;NCAPG;HMMR;PKMYT1;NCAPH;SKA1;CCNB2;CCNB1;PLK4;CDT1;UBE2C;PLK1;CDC7;CDC6;NDC80;DHFR;POLA1;TPX2;POLA2;KIF18A;UBE2S;CDK1;TOP2A;MCM7;MCM8;NCAPG2;MCM10;FOXM1;LMNB1;TUBA1C;NUF2;MYBL2;TK1;SPDL1;POLE;NDC1;RFC5;RFC4;HAUS6;KIF23;RANGAP1;TUBG1;MASTL;CCNA2;TUBB2B;DBF4;RBL1;ESPL1;INCENP;MCM3;BIRC5;MCM4;MCM5;KIF2C;MCM6;PRIM2;PCNA;PRIM1;LIN9;TYMS;CENPA;AURKB;AURKA;CDC45;HAUS8;POLD1;BUB1;H2AZ1;GINS1;CENPU;GINS2;RRM2;GINS3;TUBB4B;CENPE;CENPF;CENPH;CENPI;POLE2;CENPK;CENPM;CENPN;NCAPD2;NCAPD3;CENPQ;SPC24;LPIN3;MAD2L1;SPC25
2,Reactome_2022,Cell Cycle Checkpoints R-HSA-69620,70/271,6.076140657752314e-33,2.327161871919136e-30,0,0,7.641038991091056,566.8194422104694,ERCC6L;NUP107;MCM7;ZWILCH;MCM8;BUB1B;MCM10;BRCA1;CDC20;PSMD8;EXO1;CHEK1;NUF2;KNTC1;SPDL1;TOPBP1;GTSE1;RFC5;RFC4;KNL1;CDC25C;RANGAP1;SGO1;CCNA2;DBF4;CCNE2;INCENP;CCNE1;MCM3;BIRC5;MCM4;KIF2C;MCM5;DNA2;MCM6;BLM;CDCA8;PKMYT1;CENPA;SKA1;AURKB;CCNB2;BRIP1;CCNB1;CDC45;NSD2;RBBP8;CLSPN;BUB1;BARD1;CENPU;UBE2C;PLK1;CDC7;CDC6;NDC80;CENPE;CENPF;KIF18A;CENPH;CENPI;UBE2S;CENPK;CDK1;CENPM;CENPN;CENPQ;SPC24;MAD2L1;SPC25
3,Reactome_2022,Resolution Of Sister Chromatid Cohesion R-HSA-2500257,38/106,4.7423789814063434e-24,1.3622483624089721e-21,0,0,11.90444473753627,639.334196460767,ERCC6L;NUP107;ZWILCH;CDCA5;BUB1B;CDCA8;CENPA;SKA1;AURKB;CDC20;CCNB2;CCNB1;NUF2;KNTC1;SPDL1;BUB1;CENPU;PLK1;KNL1;RANGAP1;NDC80;SGO1;CENPE;KIF18A;CENPF;CENPH;INCENP;CENPI;CENPK;CDK1;BIRC5;CENPM;KIF2C;CENPN;CENPQ;SPC24;MAD2L1;SPC25
4,Reactome_2022,Mitotic Prometaphase R-HSA-68877,49/186,8.592363100318893e-24,1.9745250404532816e-21,0,0,7.68633023190303,408.22997959136177,ERCC6L;NUP107;ZWILCH;BUB1B;SMC4;CDC20;NUF2;KNTC1;NEK2;SPDL1;HAUS6;KNL1;RANGAP1;TUBG1;TUBA4A;SGO1;INCENP;BIRC5;KIF2C;CDCA5;CDCA8;NCAPG;CENPA;NCAPH;SKA1;AURKB;CCNB2;CCNB1;HAUS8;BUB1;PLK4;CENPU;PLK1;TUBB4B;NDC80;CENPE;KIF18A;CENPF;CENPH;CENPI;CENPK;CDK1;CENPM;CENPN;NCAPD2;CENPQ;SPC24;MAD2L1;SPC25
5,Reactome_2022,M Phase R-HSA-68886,70/380,1.9402888639972018e-23,3.7156531745546405e-21,0,0,4.925731432858215,257.5991063351247,ERCC6L;NUP107;ZWILCH;NCAPG2;BUB1B;SMC4;LMNB1;CDC20;PSMD8;TUBA1C;TUBB6;TUBB3;NUF2;RCC1;KNTC1;NEK2;FBXO5;SPDL1;NDC1;KIF23;VRK1;HAUS6;KNL1;TUBG1;MASTL;RANGAP1;TUBA4A;SGO1;TUBB2B;ESPL1;INCENP;CHMP4C;BIRC5;KIF2C;KIF20A;CDCA5;CDCA8;NCAPG;CENPA;NCAPH;SKA1;AURKB;CCNB2;CCNB1;HAUS8;BUB1;PLK4;H2AZ1;CENPU;UBE2C;PLK1;TUBB4B;NDC80;CENPE;CENPF;KIF18A;CENPH;CENPI;UBE2S;CENPK;CDK1;CENPM;CENPN;NCAPD2;NCAPD3;CENPQ;SPC24;LPIN3;MAD2L1;SPC25
6,Reactome_2022,Mitotic Metaphase And Anaphase R-HSA-2555396,54/233,3.388713496718142e-23,5.562331153898778e-21,0,0,6.505663120838754,336.59654837597134,ERCC6L;NUP107;ZWILCH;BUB1B;LMNB1;CDC20;PSMD8;TUBA1C;TUBB6;TUBB3;NUF2;RCC1;KNTC1;FBXO5;SPDL1;NDC1;VRK1;KNL1;RANGAP1;TUBA4A;SGO1;TUBB2B;ESPL1;INCENP;CHMP4C;BIRC5;KIF2C;CDCA5;CDCA8;CENPA;SKA1;AURKB;CCNB2;CCNB1;BUB1;CENPU;UBE2C;PLK1;TUBB4B;NDC80;CENPE;CENPF;KIF18A;CENPH;CENPI;UBE2S;CENPK;CDK1;CENPM;CENPN;CENPQ;SPC24;MAD2L1;SPC25
7,Reactome_2022,Mitotic Anaphase R-HSA-68882,53/232,1.776531356868667e-22,2.5515431613026222e-20,0,0,6.377907161921992,319.41968111543224,ERCC6L;NUP107;ZWILCH;BUB1B;LMNB1;CDC20;PSMD8;TUBA1C;TUBB6;TUBB3;NUF2;RCC1;KNTC1;SPDL1;NDC1;VRK1;KNL1;RANGAP1;TUBA4A;SGO1;TUBB2B;ESPL1;INCENP;CHMP4C;BIRC5;KIF2C;CDCA5;CDCA8;CENPA;SKA1;AURKB;CCNB2;CCNB1;BUB1;CENPU;UBE2C;PLK1;TUBB4B;NDC80;CENPE;CENPF;KIF18A;CENPH;CENPI;UBE2S;CENPK;CDK1;CENPM;CENPN;CENPQ;SPC24;MAD2L1;SPC25
8,Reactome_2022,Unattached Kinetochores Signal Amplification Via A MAD2 Inhibitory Signal R-HSA-141444,34/93,5.604497705772015e-22,7.155075404368941e-20,0,0,12.22711107748184,598.3129263851533,ERCC6L;NUP107;ZWILCH;BUB1B;CDCA8;CENPA;AURKB;SKA1;CDC20;NUF2;KNTC1;SPDL1;BUB1;CENPU;PLK1;KNL1;RANGAP1;NDC80;SGO1;CENPE;CENPF;KIF18A;CENPH;INCENP;CENPI;CENPK;BIRC5;CENPM;KIF2C;CENPN;CENPQ;SPC24;MAD2L1;SPC25
9,Reactome_2022,Mitotic Spindle Checkpoint R-HSA-69618,36/110,2.6421105584139958e-21,2.8490861187437345e-19,0,0,10.337021585343733,489.79608468340257,ERCC6L;NUP107;ZWILCH;BUB1B;CDCA8;CENPA;SKA1;AURKB;CDC20;NUF2;KNTC1;SPDL1;BUB1;CENPU;UBE2C;PLK1;KNL1;RANGAP1;NDC80;SGO1;CENPE;KIF18A;CENPF;CENPH;UBE2S;INCENP;CENPI;CENPK;BIRC5;CENPM;KIF2C;CENPN;CENPQ;SPC24;MAD2L1;SPC25
10,Reactome_2022,EML4 And NUDC In Mitotic Spindle Formation R-HSA-9648025,34/97,2.7275846219478747e-21,2.8490861187437345e-19,0,0,11.448377267573695,542.0906293080292,ERCC6L;NUP107;ZWILCH;BUB1B;CDCA8;CENPA;SKA1;AURKB;CDC20;NUF2;KNTC1;SPDL1;BUB1;CENPU;PLK1;KNL1;RANGAP1;NDC80;SGO1;CENPE;KIF18A;CENPF;CENPH;INCENP;CENPI;CENPK;BIRC5;CENPM;KIF2C;CENPN;CENPQ;SPC24;MAD2L1;SPC25
11,Reactome_2022,RHO GTPases Activate Formins R-HSA-5663220,35/119,4.756166132762374e-19,4.5540290721199726e-17,0,0,8.838919925512105,372.9111577486008,ERCC6L;NUP107;ZWILCH;BUB1B;CDCA8;CENPA;SKA1;AURKB;CDC20;NUF2;KNTC1;SPDL1;BUB1;CENPU;PLK1;KNL1;RANGAP1;NDC80;SGO1;CENPE;KIF18A;CENPF;DIAPH3;CENPH;INCENP;CENPI;CENPK;BIRC5;CENPM;KIF2C;CENPN;CENPQ;SPC24;MAD2L1;SPC25
12,Reactome_2022,DNA Strand Elongation R-HSA-69190,19/31,3.338155556948597e-18,2.9504159499491827e-16,0,0,33.12312477131358,1332.9114150466526,GINS1;RFC5;PRIM2;GINS2;PCNA;RFC4;MCM7;MCM8;PRIM1;GINS3;POLA1;POLA2;CDC45;POLD1;MCM3;MCM4;MCM5;DNA2;MCM6
13,Reactome_2022,Activation Of Pre-Replicative Complex R-HSA-68962,19/32,7.8616367120415e-18,6.452157558668344e-16,0,0,30.573587773368235,1204.1265944817494,PRIM2;CDT1;MCM7;MCM8;PRIM1;GMNN;MCM10;CDC7;CDC6;POLA1;POLA2;CDC45;DBF4;POLE2;MCM3;MCM4;MCM5;MCM6;POLE
14,Reactome_2022,Separation Of Sister Chromatids R-HSA-2467813,39/170,6.086334552831392e-17,4.662132267468846e-15,0,0,6.328090060914488,236.27759742943863,ERCC6L;NUP107;ZWILCH;CDCA5;BUB1B;CDCA8;CENPA;SKA1;AURKB;CDC20;PSMD8;NUF2;KNTC1;SPDL1;BUB1;CENPU;UBE2C;PLK1;KNL1;RANGAP1;NDC80;SGO1;CENPE;KIF18A;CENPF;ESPL1;CENPH;UBE2S;INCENP;CENPI;CENPK;BIRC5;CENPM;KIF2C;CENPN;CENPQ;SPC24;MAD2L1;SPC25
15,Reactome_2022,G1/S Transition R-HSA-69206,34/129,6.499651994371923e-17,4.667562588458337e-15,0,0,7.579299812030075,282.49716287665103,PRIM2;PCNA;MCM7;MCM8;PRIM1;GMNN;MCM10;LIN9;TYMS;PSMD8;CCNB1;CDC45;MYC;FBXO5;TK1;POLE;CDT1;RRM2;CDC7;CDC6;DHFR;CCNA2;POLA1;POLA2;DBF4;RBL1;CCNE2;CCNE1;POLE2;CDK1;MCM3;MCM4;MCM5;MCM6
16,Reactome_2022,Mitotic G1 Phase And G1/S Transition R-HSA-453279,36/147,1.0358259245238616e-16,7.0009646310465715e-15,0,0,6.877924904770542,253.15002091480395,TOP2A;PRIM2;PCNA;MCM7;MCM8;PRIM1;GMNN;MCM10;LIN9;TYMS;PSMD8;CCNB1;CDC45;MYC;MYBL2;FBXO5;TK1;POLE;CDT1;RRM2;CDC7;CDC6;DHFR;CCNA2;POLA1;POLA2;DBF4;RBL1;CCNE2;CCNE1;POLE2;CDK1;MCM3;MCM4;MCM5;MCM6
17,Reactome_2022,Chromosome Maintenance R-HSA-73886,30/118,1.2652745445817338e-14,8.076669176246736e-13,0,0,7.190151515151515,230.0913352381862,PIF1;PRIM2;BLM;PCNA;DSCC1;PRIM1;CHTF18;CENPA;MIS18BP1;POLD1;OIP5;RFC5;H2AZ1;CENPU;RFC4;CENPW;KNL1;CCNA2;POLA1;POLA2;MIS18A;CENPH;DKC1;CENPI;CENPK;NHP2;CENPM;CENPN;DNA2;CENPQ
18,Reactome_2022,S Phase R-HSA-69242,35/161,1.3905549762860786e-14,8.409198251330022e-13,0,0,5.879577901924271,187.5966839538022,PRIM2;PCNA;MCM7;MCM8;CDCA5;PRIM1;GMNN;LIN9;PSMD8;CDC45;MYC;POLD1;POLE;RFC5;GINS1;CDT1;GINS2;RFC4;UBE2C;GINS3;ESCO2;CDC6;CDC25B;CCNA2;POLA1;POLA2;CCNE2;CCNE1;UBE2S;POLE2;MCM3;MCM4;MCM5;DNA2;MCM6
19,Reactome_2022,Synthesis Of DNA R-HSA-69239,30/119,1.6180362713725995e-14,9.295618379035585e-13,0,0,7.108988764044944,225.745782274538,PRIM2;PCNA;MCM7;MCM8;PRIM1;GMNN;PSMD8;CDC45;POLD1;POLE;RFC5;GINS1;CDT1;GINS2;RFC4;UBE2C;GINS3;CDC6;CCNA2;POLA1;POLA2;CCNE2;CCNE1;UBE2S;POLE2;MCM3;MCM4;MCM5;DNA2;MCM6
20,Reactome_2022,DNA Replication R-HSA-69306,34/155,2.5049226461560965e-14,1.3705505335396928e-12,0,0,5.942536157024794,186.1079518758648,PRIM2;PCNA;MCM7;MCM8;PRIM1;GMNN;MCM10;PSMD8;CDC45;POLD1;POLE;RFC5;GINS1;H2AZ1;CDT1;GINS2;RFC4;UBE2C;GINS3;CDC7;CDC6;CCNA2;POLA1;POLA2;DBF4;CCNE2;CCNE1;UBE2S;POLE2;MCM3;MCM4;MCM5;DNA2;MCM6
21,Reactome_2022,RHO GTPase Effectors R-HSA-195258,45/269,6.708231558219204e-14,3.5035263910881197e-12,0,0,4.277996368038741,129.76384753860327,ERCC6L;NUP107;PKN3;NCF2;ZWILCH;KIF14;CDCA8;BUB1B;IQGAP3;CENPA;SKA1;AURKB;CDC20;NUF2;FLNA;KNTC1;MYH11;SPDL1;BUB1;H2AZ1;CENPU;PLK1;KNL1;CDC25C;RANGAP1;NDC80;SGO1;CENPE;CENPF;KIF18A;DIAPH3;CENPH;INCENP;CENPI;PRC1;CENPK;CENPM;BIRC5;KIF2C;CENPN;MYL9;CENPQ;SPC24;MAD2L1;SPC25
22,Reactome_2022,Unwinding Of DNA R-HSA-176974,10/11,4.754279618054266e-13,2.3750727309323268e-11,0,0,207.2717391304348,5881.2446105663985,GINS1;GINS2;CDC45;MCM7;MCM8;GINS3;MCM3;MCM4;MCM5;MCM6
23,Reactome_2022,Activation Of ATR In Response To Replication Stress R-HSA-176187,16/36,1.280488198454649e-12,5.91490075149348e-11,0,0,16.673960612691467,456.5960642389739,RFC5;RFC4;MCM7;MCM8;MCM10;CDC7;CDC6;CDC25C;CDC45;DBF4;CHEK1;MCM3;MCM4;MCM5;CLSPN;MCM6
24,Reactome_2022,G2/M Checkpoints R-HSA-69481,31/148,1.2869670912736029e-12,5.91490075149348e-11,0,0,5.585912172119069,152.93519656869665,BLM;MCM7;MCM8;MCM10;BRCA1;PKMYT1;PSMD8;CCNB2;BRIP1;CCNB1;CDC45;EXO1;CHEK1;NSD2;RBBP8;CLSPN;TOPBP1;GTSE1;BARD1;RFC5;RFC4;CDC7;CDC6;CDC25C;DBF4;CDK1;MCM3;MCM4;MCM5;DNA2;MCM6
25,Reactome_2022,HDR Thru Homologous Recombination (HRR) R-HSA-5685942,21/67,1.4099056125575196e-12,6.230698264725347e-11,0,0,9.554311952934423,260.7132717010306,GEN1;RFC5;BARD1;BLM;RFC4;PCNA;XRCC2;BRCA1;BRCA2;RAD51AP1;BRIP1;RAD51;EME1;EXO1;POLD1;POLE2;CHEK1;RBBP8;TOPBP1;DNA2;POLE
26,Reactome_2022,G1/S-Specific Transcription R-HSA-69205,14/29,8.102681024691957e-12,3.448140924952244e-10,0,0,19.4155749636099,495.8509929827003,CDT1;PCNA;RRM2;LIN9;CDC6;TYMS;DHFR;POLA1;CDC45;RBL1;CCNE1;CDK1;FBXO5;TK1
27,Reactome_2022,"Signaling By Rho GTPases, Miro GTPases And RHOBTB3 R-HSA-9716542",71/660,3.7551497199864395e-11,1.5409525100944354e-09,0,0,2.5934349373753585,62.256204103034406,ARHGAP11A;ERCC6L;NUP107;TFRC;NCF2;ZWILCH;KIF14;ARHGDIG;BUB1B;LMNB1;RND1;PREX2;CDC20;STBD1;MCF2L;NUF2;KNTC1;SPDL1;TPM4;ACTN1;RRAS2;KNL1;CDC25C;RANGAP1;SGO1;DEPDC1B;OBSCN;ALS2;GFOD1;INCENP;CCNE1;BIRC5;KIF2C;MYL9;NGEF;EPHA2;SHMT2;PKN3;CDCA8;IQGAP3;CENPA;SKA1;AURKB;RACGAP1;FLNA;MYH11;ECT2;BUB1;H2AZ1;CENPU;MCAM;ARHGEF39;PLK1;MYO19;NDC80;CENPE;ANLN;CENPF;KIF18A;DIAPH3;CENPH;CENPI;PRC1;CENPK;CENPM;CENPN;CENPQ;SPC24;MAD2L1;SPC25;TJP2
28,Reactome_2022,Signaling By Rho GTPases R-HSA-194315,69/644,8.580593104635891e-11,3.3996901645609103e-09,0,0,2.577700348432056,59.74834363277285,ARHGAP11A;ERCC6L;NUP107;TFRC;NCF2;ZWILCH;KIF14;ARHGDIG;BUB1B;LMNB1;RND1;PREX2;CDC20;STBD1;MCF2L;NUF2;KNTC1;SPDL1;TPM4;ACTN1;RRAS2;KNL1;CDC25C;RANGAP1;SGO1;DEPDC1B;OBSCN;ALS2;GFOD1;INCENP;BIRC5;KIF2C;MYL9;NGEF;EPHA2;SHMT2;PKN3;CDCA8;IQGAP3;CENPA;SKA1;AURKB;RACGAP1;FLNA;MYH11;ECT2;BUB1;H2AZ1;CENPU;MCAM;ARHGEF39;PLK1;NDC80;CENPE;ANLN;CENPF;KIF18A;DIAPH3;CENPH;CENPI;PRC1;CENPK;CENPM;CENPN;CENPQ;SPC24;MAD2L1;SPC25;TJP2
29,Reactome_2022,HDR Thru Homologous Recombination (HRR) Or Single Strand Annealing (SSA) R-HSA-5693567,24/114,3.964631034073941e-10,1.518453686050319e-08,0,0,5.586460632818249,120.938147402635,GEN1;BARD1;RFC5;BLM;RFC4;PCNA;XRCC2;BRCA1;BRCA2;RAD51AP1;CCNA2;BRIP1;RAD51;EME1;EXO1;POLD1;POLE2;CHEK1;NSD2;RBBP8;DNA2;CLSPN;TOPBP1;POLE
30,Reactome_2022,Homologous DNA Pairing And Strand Exchange R-HSA-5693579,15/43,4.0993256449234726e-10,1.519395214844216e-08,0,0,11.148711943793913,240.9797258081207,BARD1;RFC5;BLM;RFC4;XRCC2;BRCA1;BRCA2;RAD51AP1;BRIP1;RAD51;EXO1;CHEK1;RBBP8;TOPBP1;DNA2
31,Reactome_2022,Extension Of Telomeres R-HSA-180786,16/50,4.669509192076517e-10,1.676645644279975e-08,0,0,9.80100399021753,210.57258075200005,RFC5;PIF1;PRIM2;BLM;RFC4;PCNA;DSCC1;PRIM1;CHTF18;CCNA2;POLA1;POLA2;DKC1;POLD1;NHP2;DNA2
32,Reactome_2022,Homology Directed Repair R-HSA-5693538,24/119,1.0011489406585063e-09,3.4858185842928004e-08,0,0,5.2910421749738585,109.6415979425839,GEN1;BARD1;RFC5;BLM;RFC4;PCNA;XRCC2;BRCA1;BRCA2;RAD51AP1;CCNA2;BRIP1;RAD51;EME1;EXO1;POLD1;POLE2;CHEK1;NSD2;RBBP8;DNA2;CLSPN;TOPBP1;POLE
33,Reactome_2022,Resolution Of D-loop Structures Thru Holliday Junction Intermediates R-HSA-5693568,13/33,1.0537125100136355e-09,3.560928452957846e-08,0,0,13.503271537622682,279.12539927471084,BARD1;GEN1;BLM;XRCC2;BRCA1;BRCA2;RAD51AP1;BRIP1;RAD51;EME1;EXO1;RBBP8;DNA2
34,Reactome_2022,Presynaptic Phase Of Homologous DNA Pairing And Strand Exchange R-HSA-5693616,14/40,1.5014378158122221e-09,4.92900585819498e-08,0,0,11.194827007054082,227.4435387299393,BARD1;RFC5;BLM;RFC4;XRCC2;BRCA1;BRCA2;BRIP1;RAD51;EXO1;CHEK1;RBBP8;TOPBP1;DNA2
35,Reactome_2022,Resolution Of D-Loop Structures R-HSA-5693537,13/34,1.6336255609429676e-09,5.2139882486763065e-08,0,0,12.859583528067716,260.181061064882,BARD1;GEN1;BLM;XRCC2;BRCA1;BRCA2;RAD51AP1;BRIP1;RAD51;EME1;EXO1;RBBP8;DNA2
36,Reactome_2022,Defective Homologous Recombination Repair (HRR) Due To BRCA2 Loss Of Function R-HSA-9701190,14/41,2.182869035831233e-09,6.778693303162395e-08,0,0,10.77963771631894,214.97428073945616,BARD1;RFC5;BLM;RFC4;XRCC2;BRCA1;BRCA2;RAD51AP1;BRIP1;RAD51;EXO1;RBBP8;TOPBP1;DNA2
37,Reactome_2022,Impaired BRCA2 Binding To PALB2 R-HSA-9709603,11/24,2.9640576755802055e-09,8.9623743927412e-08,0,0,17.54641332552105,344.5537716014547,BARD1;RAD51AP1;BLM;BRIP1;RAD51;EXO1;XRCC2;RBBP8;BRCA1;DNA2;BRCA2
38,Reactome_2022,Defective HDR Thru Homologous Recombination (HRR) Due To BRCA1 Loss-Of-Function R-HSA-9701192,11/25,5.070734646597969e-09,1.493916438190017e-07,0,0,16.292243121405253,311.17826142918324,RAD51AP1;BARD1;BLM;BRIP1;RAD51;EXO1;XRCC2;RBBP8;BRCA1;DNA2;BRCA2
39,Reactome_2022,Diseases Of DNA Repair R-HSA-9675135,15/51,6.0829768524810396e-09,1.7473351008751788e-07,0,0,8.667577413479053,163.97125023998328,RFC5;BARD1;BLM;RFC4;XRCC2;BRCA1;BRCA2;RAD51AP1;NEIL3;BRIP1;RAD51;EXO1;RBBP8;TOPBP1;DNA2
40,Reactome_2022,Polo-like Kinase Mediated Events R-HSA-156711,9/16,8.332305520448822e-09,2.3350778153648042e-07,0,0,26.611912517449976,495.06475223979857,CCNB2;CCNB1;CENPF;PLK1;MYBL2;LIN9;CDC25C;FOXM1;PKMYT1
41,Reactome_2022,G0 And Early G1 R-HSA-1538133,11/27,1.3613090898662264e-08,3.569077778680114e-07,0,0,14.254216539717085,258.1757046143951,TOP2A;CCNA2;PCNA;RBL1;CCNE2;CCNE1;MYC;CDK1;MYBL2;LIN9;CDC6
42,Reactome_2022,Resolution Of D-loop Structures Thru Synthesis-Dependent Strand Annealing (SDSA) R-HSA-5693554,11/27,1.3613090898662264e-08,3.569077778680114e-07,0,0,14.254216539717085,258.1757046143951,RAD51AP1;BARD1;BLM;BRIP1;RAD51;EXO1;XRCC2;RBBP8;BRCA1;DNA2;BRCA2
43,Reactome_2022,Telomere C-strand (Lagging Strand) Synthesis R-HSA-174417,12/33,1.3667486706869018e-08,3.569077778680114e-07,0,0,11.85745409274821,214.7176963301809,RFC5;PRIM2;POLA1;BLM;POLA2;PCNA;RFC4;DSCC1;PRIM1;POLD1;DNA2;CHTF18
44,Reactome_2022,DNA Replication Pre-Initiation R-HSA-69002,23/127,1.934577832334655e-08,4.939622065227819e-07,0,0,4.624480536002036,82.1344351311544,H2AZ1;CDT1;PRIM2;MCM7;UBE2C;MCM8;PRIM1;GMNN;CDC7;MCM10;CDC6;PSMD8;POLA1;POLA2;DBF4;CDC45;UBE2S;POLE2;MCM3;MCM4;MCM5;MCM6;POLE
45,Reactome_2022,DNA Double-Strand Break Repair R-HSA-5693532,25/149,2.3419051723640485e-08,5.84967183270933e-07,0,0,4.220727143111745,74.15697708974102,BLM;PCNA;BRCA1;BRCA2;RAD51AP1;BRIP1;EME1;EXO1;POLD1;CHEK1;NSD2;RBBP8;CLSPN;TOPBP1;KPNA2;POLE;GEN1;BARD1;RFC5;RFC4;XRCC2;CCNA2;RAD51;POLE2;DNA2
46,Reactome_2022,Impaired BRCA2 Binding To RAD51 R-HSA-9709570,12/35,2.9488763124159152e-08,7.209061453118908e-07,0,0,10.825234441602728,187.70151727490784,BARD1;RFC5;BLM;BRIP1;RFC4;RAD51;EXO1;RBBP8;BRCA1;TOPBP1;DNA2;BRCA2
47,Reactome_2022,Condensation Of Prometaphase Chromosomes R-HSA-2514853,7/10,4.8778707984590184e-08,1.1636052626023025e-06,0,0,48.20115565185988,811.5133036008216,CCNB2;CCNB1;CDK1;NCAPG;NCAPD2;SMC4;NCAPH
48,Reactome_2022,Leading Strand Synthesis R-HSA-69109,8/14,4.9622852800272255e-08,1.1636052626023025e-06,0,0,27.569052783803325,463.6787810553864,RFC5;PRIM2;POLA1;POLA2;PCNA;RFC4;PRIM1;POLD1
49,Reactome_2022,Polymerase Switching On C-strand Of Telomere R-HSA-174411,10/25,7.779948782735657e-08,1.7878322302726536e-06,0,0,13.807971014492754,226.0244862282663,RFC5;PRIM2;POLA1;POLA2;PCNA;RFC4;DSCC1;PRIM1;POLD1;CHTF18
50,Reactome_2022,Deposition Of New CENPA-containing Nucleosomes At Centromere R-HSA-606279,14/53,8.83884574391903e-08,1.991339952894699e-06,0,0,7.458123390437801,121.13129338037729,H2AZ1;CENPU;CENPW;KNL1;CENPA;MIS18A;CENPH;MIS18BP1;CENPI;CENPK;CENPM;OIP5;CENPN;CENPQ
51,Reactome_2022,Lagging Strand Synthesis R-HSA-69186,9/20,1.0333667793327248e-07,2.28334313356404e-06,0,0,16.93129997038792,272.34459008344226,RFC5;PRIM2;POLA1;POLA2;PCNA;RFC4;PRIM1;POLD1;DNA2
52,Reactome_2022,DNA Replication Initiation R-HSA-68952,6/8,2.570649552200301e-07,5.572974217883293e-06,0,0,61.90909090909091,939.4046476543916,POLA1;PRIM2;POLA2;POLE2;PRIM1;POLE
53,Reactome_2022,Nuclear Envelope (NE) Reassembly R-HSA-2995410,16/75,2.717297627080771e-07,5.78180550651075e-06,0,0,5.640618625523866,85.2774545654778,NDC1;NUP107;VRK1;RANGAP1;TUBB4B;TUBA4A;LMNB1;TUBA1C;CCNB2;TUBB6;TUBB2B;CCNB1;TUBB3;CHMP4C;CDK1;RCC1
54,Reactome_2022,Kinesins R-HSA-983189,12/42,2.891257542024009e-07,6.040099846882884e-06,0,0,8.296296296296296,124.912389635327,CENPE;KIF18A;KIF18B;RACGAP1;KIFC1;KIF23;KIF2C;KIF11;KIF22;KIF20A;KIF20B;KIF15
55,Reactome_2022,DNA Repair R-HSA-73894,36/310,4.351934655399287e-07,8.92923735545318e-06,0,0,2.762357321314848,40.46156023695203,BLM;PCNA;BRCA1;BRCA2;UNG;RAD51AP1;BRIP1;EME1;EXO1;POLD1;CHEK1;NSD2;PCLAF;RBBP8;CLSPN;TOPBP1;KPNA2;POLE;BARD1;GEN1;FANCI;RFC5;H2AZ1;RFC4;XRCC2;FANCA;FANCB;CCNA2;NEIL3;RAD51;FANCD2;UBE2T;POLE2;DNA2;DTL;RAD18
56,Reactome_2022,HDR Thru Single Strand Annealing (SSA) R-HSA-5685938,11/37,5.818861446533497e-07,1.17295996527491e-05,0,0,8.76722189671047,125.87092618253646,BARD1;RFC5;BLM;BRIP1;RFC4;RAD51;EXO1;RBBP8;BRCA1;TOPBP1;DNA2
57,Reactome_2022,Telomere Maintenance R-HSA-157579,17/92,1.0092919612456342e-06,1.9830645323727328e-05,0,0,4.715808689302666,65.10768795516306,RFC5;H2AZ1;PIF1;PRIM2;BLM;RFC4;PCNA;DSCC1;PRIM1;CHTF18;CCNA2;POLA1;POLA2;DKC1;POLD1;NHP2;DNA2
58,Reactome_2022,Cyclin A/B1/B2 Associated Events During G2/M Transition R-HSA-69273,9/25,1.0182837894690274e-06,1.9830645323727328e-05,0,0,11.637214983713354,160.56321583752705,CCNA2;CCNB2;CCNB1;PLK1;CDK1;FOXM1;PKMYT1;CDC25C;CDC25B
59,Reactome_2022,Removal Of Flap Intermediate R-HSA-69166,7/14,1.1835695150078709e-06,2.2665356212400723e-05,0,0,20.65330444203684,281.8551432857433,PRIM2;POLA1;POLA2;PCNA;PRIM1;POLD1;DNA2
60,Reactome_2022,G2/M Transition R-HSA-69275,25/182,1.2114900233326263e-06,2.2819705521462093e-05,0,0,3.3277615511841505,45.33629037599724,HMMR;LIN9;PKMYT1;FOXM1;AURKA;PSMD8;CCNB2;CCNB1;HAUS8;NEK2;MYBL2;GTSE1;PLK4;BORA;PLK1;HAUS6;CDC25C;TUBG1;TUBB4B;TUBA4A;CDC25B;CCNA2;TPX2;CENPF;CDK1
61,Reactome_2022,Phosphorylation Of Emi1 R-HSA-176417,5/6,1.2412044057139258e-06,2.300232035750485e-05,0,0,103.07567567567568,1401.7702664758533,CDC20;CCNB1;PLK1;CDK1;FBXO5
62,Reactome_2022,Mitotic G2-G2/M Phases R-HSA-453274,25/184,1.4863133709865787e-06,2.71075248137076e-05,0,0,3.285555439730359,44.08956416761291,HMMR;LIN9;PKMYT1;FOXM1;AURKA;PSMD8;CCNB2;CCNB1;HAUS8;NEK2;MYBL2;GTSE1;PLK4;BORA;PLK1;HAUS6;CDC25C;TUBG1;TUBB4B;TUBA4A;CDC25B;CCNA2;TPX2;CENPF;CDK1
63,Reactome_2022,Processive Synthesis On Lagging Strand R-HSA-69183,7/15,2.1299642660249156e-06,3.823951471347856e-05,0,0,18.070693391115928,235.99251003865547,PRIM2;POLA1;POLA2;PCNA;PRIM1;POLD1;DNA2
64,Reactome_2022,G2/M DNA Damage Checkpoint R-HSA-69473,15/77,2.169807899384178e-06,3.835552732911417e-05,0,0,5.025912215758858,65.54227748667334,RFC5;BARD1;BLM;RFC4;BRCA1;CDC25C;BRIP1;CCNB1;EXO1;CHEK1;NSD2;RBBP8;CDK1;TOPBP1;DNA2
65,Reactome_2022,Regulation Of TP53 Activity Thru Phosphorylation R-HSA-6804756,16/90,3.5477236088003894e-06,6.176264282593405e-05,0,0,4.4937015790407475,56.39237961502048,RFC5;BARD1;BLM;RFC4;BRCA1;AURKB;AURKA;CCNA2;TPX2;BRIP1;EXO1;CHEK1;RBBP8;TOPBP1;DNA2;CDK5R1
66,Reactome_2022,Signal Transduction R-HSA-162582,161/2465,3.745480671464777e-06,6.423219838079147e-05,0,0,1.5235142591388529,19.03625064001621,ERCC6L;NUP107;TFRC;NCF2;ZWILCH;WWC1;SERPINE1;ARHGDIG;BUB1B;RXFP3;PREX2;PSMD8;CDC20;RGS4;GPR176;MYC;RPS6KA2;STMN1;CHEK1;KNTC1;KPNA2;TNS4;TPM4;ACTN1;NPY1R;KNL1;CDC25C;EREG;DISP2;SGO1;DEPDC1B;OBSCN;CCNE1;RRAGD;MYL9;NGEF;EPHA2;FKBP5;KHDRBS3;PDE1C;SHMT2;NOTCH4;CDCA8;PDGFA;ITPR3;IQGAP3;SKA1;PIK3R5;RACGAP1;PRKAR2A;PLCG2;MYH11;ECT2;TGFB2;XCR1;OPN3;TGFB3;ARHGEF39;MCAM;PLK1;HTR1B;INHBB;INHBA;NDC80;FOSL1;ANLN;IL6;KIF18A;DIAPH3;CCDC88C;CDK1;BMPR1B;FGFR3;EZH2;ARHGAP11A;GABRB1;FLT1;FLT4;KIF14;ATP2A3;LAMC2;PIK3CB;HTR2A;GLI1;LMNB1;RND1;SMPD3;DUSP10;HEY1;STBD1;GPER1;MCF2L;NUF2;PRKG2;SPDL1;HRAS;DLGAP5;DUSP4;DUSP5;EDN1;RIPK2;ITGA3;RRAS2;DUSP8;NGF;RANGAP1;DUSP9;ETV4;MMP9;ADRA2A;ACTA2;GREM2;ALDH1A3;RBL1;GFOD1;VGF;ALS2;INCENP;ADORA2B;ITGA8;BIRC5;KIF2C;ITGA5;HBEGF;LAMA5;PKN3;RGS16;LEF1;CENPA;AURKB;FSTL3;GPNMB;FLNA;MAPK6;CCL17;BUB1;H2AZ1;CENPU;P2RY14;MYO19;CENPE;HEYL;CENPF;TEC;CENPH;CENPI;PRC1;FABP7;CENPK;TACC3;CENPM;CENPN;LGR6;CENPQ;RAMP1;SPC24;MAD2L1;SPC25;OTUD3;TJP2;CDK5R1
67,Reactome_2022,TP53 Regulates Transcription Of Cell Cycle Genes R-HSA-6791312,11/49,1.188589717475245e-05,0.0002008367037322142,0,0,5.994845656033446,67.98249675724873,CCNA2;CCNB1;RBL1;PCNA;CCNE2;CCNE1;CDK1;CDC25C;E2F7;AURKA;E2F8
68,Reactome_2022,Switching Of Origins To A Post-Replicative State R-HSA-69052,15/90,1.6026516437149913e-05,0.00026687633893167026,0,0,4.1519125683060105,45.84237078548714,CDT1;MCM7;MCM8;UBE2C;GMNN;CDC6;PSMD8;CCNA2;CCNE2;CCNE1;UBE2S;MCM3;MCM4;MCM5;MCM6
69,Reactome_2022,Processing Of DNA Double-Strand Break Ends R-HSA-5693607,14/80,1.722956265070708e-05,0.0002828109640808919,0,0,4.400820431388117,48.2720883359734,RFC5;BARD1;BLM;RFC4;BRCA1;CCNA2;BRIP1;EXO1;CHEK1;NSD2;RBBP8;TOPBP1;DNA2;CLSPN
70,Reactome_2022,G2/M DNA Replication Checkpoint R-HSA-69478,4/5,2.2371111847753603e-05,0.0003620339086347731,0,0,82.37149028077754,882.0125080170257,CCNB2;CCNB1;CDK1;PKMYT1
71,Reactome_2022,SUMOylation Of DNA Replication Proteins R-HSA-4615885,10/45,3.254230486694021e-05,0.0005193209485015876,0,0,5.911490683229814,61.08325367937806,TOP2A;NDC1;NUP107;PCNA;INCENP;CDCA8;BIRC5;RANGAP1;AURKB;AURKA
72,Reactome_2022,E2F Mediated Regulation Of DNA Replication R-HSA-113510,7/22,4.2387299036195944e-05,0.0006671644738710841,0,0,9.63416395810762,97.00313853933412,PRIM2;POLA1;CCNB1;POLA2;MCM8;PRIM1;CDK1
73,Reactome_2022,APC/C-mediated Degradation Of Cell Cycle Proteins R-HSA-174143,14/87,4.569088202687401e-05,0.0007094435601199761,0,0,3.977358377699348,39.74817560817872,UBE2C;PLK1;BUB1B;AURKB;AURKA;CDC20;PSMD8;CCNA2;CCNB1;UBE2S;CDK1;NEK2;FBXO5;MAD2L1
74,Reactome_2022,Recognition Of DNA Damage By PCNA-containing Replication Complex R-HSA-110314,8/30,4.974495596263042e-05,0.0007620927253474981,0,0,7.512522184973378,74.4385884945418,RFC5;PCNA;RFC4;POLD1;POLE2;POLE;DTL;RAD18
75,Reactome_2022,RAF-independent MAPK1/3 Activation R-HSA-112409,7/23,5.8494914419563784e-05,0.0008843507456326157,0,0,9.03155471289274,88.02668690594378,DUSP4;DUSP5;IL6;DUSP10;CDK1;DUSP8;DUSP9
76,Reactome_2022,RHOB GTPase Cycle R-HSA-9013026,12/69,7.250088806112467e-05,0.0010818639010679,0,0,4.360279784428391,41.561802097659935,ANLN;DEPDC1B;DIAPH3;TFRC;RACGAP1;PKN3;MCF2L;MCAM;ARHGDIG;ECT2;IQGAP3;TJP2
77,Reactome_2022,AURKA Activation By TPX2 R-HSA-8854518,12/72,0.00011118613497197312,0.0016378572959332,0,0,4.14161220043573,37.70650012369913,PLK4;TPX2;HAUS8;PLK1;CDK1;NEK2;HAUS6;HMMR;TUBG1;TUBB4B;TUBA4A;AURKA
78,Reactome_2022,TP53 Regulates Transcription Of Genes Involved In G2 Cell Cycle Arrest R-HSA-6804114,6/18,0.0001140330230602058,0.0016585309303313,0,0,10.312770562770565,93.62987572459512,CCNB1;PCNA;RBL1;CDK1;CDC25C;AURKA
79,Reactome_2022,Cholesterol Biosynthesis R-HSA-191273,7/26,0.000138889049728072,0.0019947939767194,0,0,7.604322290015396,67.54033698429062,IDI1;FDPS;SQLE;NSDHL;MSMO1;DHCR24;HMGCR
80,Reactome_2022,"Activation Of NIMA Kinases NEK9, NEK6, NEK7 R-HSA-2980767",4/7,0.00014523831850390544,0.0020602324439628,0,0,27.454283657307418,242.6171997200197,CCNB2;CCNB1;PLK1;CDK1
81,Reactome_2022,Transcription Of E2F Targets Under Negative Control By DREAM Complex R-HSA-1362277,6/19,0.0001601298629507784,0.0022437708845176,0,0,9.51898101898102,83.19137666872209,TOP2A;PCNA;RBL1;MYC;CDC6;LIN9
82,Reactome_2022,Regulation Of PLK1 Activity At G2/M Transition R-HSA-2565942,13/87,0.0001836548466406815,0.0025424026360258,0,0,3.6391877155235934,31.305939080748047,PLK4;BORA;PLK1;HAUS6;TUBG1;TUBB4B;TUBA4A;AURKA;CCNB2;CCNB1;HAUS8;CDK1;NEK2
83,Reactome_2022,COPI-dependent Golgi-to-ER Retrograde Traffic R-HSA-6811434,12/78,0.00024346398957375348,0.0033302395716695,0,0,3.7639136462665874,31.317799745630474,CENPE;KIF18A;KIF18B;RACGAP1;KIFC1;KIF23;KIF2C;KIF11;KIF22;KIF20A;KIF20B;KIF15
84,Reactome_2022,PCNA-Dependent Long Patch Base Excision Repair R-HSA-5651801,6/21,0.00029567412284562723,0.0039968184370544,0,0,8.24891774891775,67.03278968747578,RFC5;PCNA;RFC4;POLD1;POLE2;POLE
85,Reactome_2022,TP53 Regulates Transcription Of Genes Involved In G1 Cell Cycle Arrest R-HSA-6804116,5/14,0.0003028965022661582,0.0040468381523699,0,0,11.448048048048047,92.7534520389482,CCNA2;CCNE2;CCNE1;E2F7;E2F8
86,Reactome_2022,DNA Damage Bypass R-HSA-73893,9/48,0.0003193436749348632,0.0042175388793121,0,0,4.768479077925332,38.38264533281051,RFC5;PCNA;RFC4;POLD1;POLE2;PCLAF;POLE;DTL;RAD18
87,Reactome_2022,Sealing Of Nuclear Envelope (NE) By ESCRT-III R-HSA-9668328,7/31,0.00045313010384511224,0.005916437378614,0,0,6.018508486818346,46.33849058386148,TUBA1C;TUBB6;TUBB2B;TUBB3;CHMP4C;TUBB4B;TUBA4A
88,Reactome_2022,Post-chaperonin Tubulin Folding Pathway R-HSA-389977,6/23,0.0005078915924464125,0.0065569375249542,0,0,7.277692895339954,55.20306569806696,TUBA1C;TUBB2B;TUBB6;TUBB3;TUBB4B;TUBA4A
89,Reactome_2022,Termination Of Translesion DNA Synthesis R-HSA-5656169,7/32,0.0005569624623489411,0.0071105541026548,0,0,5.777464788732394,43.29061711006847,RFC5;PCNA;RFC4;POLD1;POLE2;PCLAF;POLE
90,Reactome_2022,Transcriptional Regulation By TP53 R-HSA-3700989,31/354,0.0005733944854166433,0.0072398930081727,0,0,2.001387850966158,14.938232075456645,BLM;PCNA;BRCA1;AURKB;AURKA;BRIP1;CCNB1;EXO1;CHEK1;RBBP8;TOPBP1;E2F7;E2F8;BARD1;FANCI;RFC5;RFC4;TXNRD1;CDC25C;CCNA2;TPX2;RBL1;CCNE2;CCNE1;FANCD2;RRAGD;CDK1;CYCS;BIRC5;DNA2;CDK5R1
91,Reactome_2022,Transcription Of E2F Targets Under Negative Control By P107 (RBL1) And P130 (RBL2) In Complex With HDAC1 R-HSA-1362300,5/16,0.0006114282766439943,0.0076362074985211,0,0,9.365601965601966,69.30276568645148,CCNA2;RBL1;CDK1;MYBL2;LIN9
92,Reactome_2022,Nuclear Envelope Breakdown R-HSA-2980766,9/53,0.0006855813138352815,0.0084702465548036,0,0,4.225496002368967,30.783767058420633,NDC1;CCNB2;CCNB1;NUP107;PLK1;CDK1;VRK1;LPIN3;LMNB1
93,Reactome_2022,Mitotic Prophase R-HSA-68875,14/112,0.0006937632066708364,0.0084801481326041,0,0,2.9588271990018713,21.52067414791344,NDC1;H2AZ1;NUP107;PLK1;NCAPG2;VRK1;MASTL;SMC4;LMNB1;CCNB2;CCNB1;CDK1;NCAPD3;LPIN3
94,Reactome_2022,Smooth Muscle Contraction R-HSA-445355,8/43,0.000721330923629437,0.0087243076973707,0,0,4.718933994422064,34.138715299109634,ACTA2;TPM4;TPM2;DYSF;LMOD1;MYH11;MYL9;ACTG2
95,Reactome_2022,Activation Of APC/C And APC/C:Cdc20 Mediated Degradation Of Mitotic Proteins R-HSA-176814,11/76,0.0007446325604162133,0.0089123209574815,0,0,3.499707039424123,25.20705875700696,CDC20;PSMD8;CCNA2;CCNB1;UBE2C;UBE2S;PLK1;CDK1;BUB1B;NEK2;MAD2L1
96,Reactome_2022,Transcriptional Regulation By E2F6 R-HSA-8953750,7/34,0.0008209354958040793,0.0095504392573392,0,0,5.348942658801814,38.00459072497289,RRM2;RAD51;CHEK1;RBBP8;CDC7;BRCA1;EZH2
97,Reactome_2022,Gap-filling DNA Repair Synthesis And Ligation In GG-NER R-HSA-5696397,6/25,0.0008228838002407201,0.0095504392573392,0,0,6.510936431989063,46.24519927214149,RFC5;PCNA;RFC4;POLD1;POLE2;POLE
98,Reactome_2022,Resolution Of AP Sites Via Multiple-Nucleotide Patch Replacement Pathway R-HSA-110373,6/25,0.0008228838002407201,0.0095504392573392,0,0,6.510936431989063,46.24519927214149,RFC5;PCNA;RFC4;POLD1;POLE2;POLE
99,Reactome_2022,APC-Cdc20 Mediated Degradation Of Nek2A R-HSA-179409,6/26,0.0010280831382474,0.0116957180776864,0,0,6.185064935064935,42.55361316538577,CDC20;UBE2C;UBE2S;BUB1B;NEK2;MAD2L1
100,Reactome_2022,Formation Of Tubulin Folding Intermediates By CCT/TriC R-HSA-389960,6/26,0.0010280831382474,0.0116957180776864,0,0,6.185064935064935,42.55361316538577,TUBA1C;TUBB6;TUBB2B;TUBB3;TUBB4B;TUBA4A
101,Reactome_2022,Regulation Of TP53 Activity R-HSA-5633007,17/157,0.0010407535132696,0.0117237822230079,0,0,2.517681114066656,17.290956277698534,BARD1;RFC5;BLM;RFC4;BRCA1;AURKB;AURKA;CCNA2;TPX2;BRIP1;EXO1;CHEK1;CDK1;RBBP8;DNA2;TOPBP1;CDK5R1
102,Reactome_2022,Regulation Of APC/C Activators Between G1/S And Early Anaphase R-HSA-176408,11/80,0.0011512128252364,0.0128421702543369,0,0,3.2961315860024287,22.304722241045255,CDC20;PSMD8;CCNA2;CCNB1;UBE2C;UBE2S;PLK1;CDK1;BUB1B;FBXO5;MAD2L1
103,Reactome_2022,Orc1 Removal From Chromatin R-HSA-68949,10/69,0.0012667208154318,0.0139948290089535,0,0,3.5023949889462047,23.365610881467248,PSMD8;CCNA2;CDT1;MCM7;MCM8;MCM3;MCM4;MCM5;MCM6;CDC6
104,Reactome_2022,RHOA GTPase Cycle R-HSA-8980692,16/147,0.0013662623435029,0.0149508136446179,0,0,2.5308099620826163,16.69240375220021,ARHGAP11A;TFRC;PKN3;MCAM;IQGAP3;PREX2;ANLN;DEPDC1B;OBSCN;DIAPH3;RACGAP1;MCF2L;STBD1;ECT2;NGEF;TJP2
105,Reactome_2022,Initiation Of Nuclear Envelope (NE) Reformation R-HSA-2995383,5/19,0.0014490157434185,0.0157067838602636,0,0,7.357528957528958,48.09521583974803,CCNB2;CCNB1;CDK1;VRK1;LMNB1
106,Reactome_2022,Interconversion Of Nucleotide Di- And Triphosphates R-HSA-499943,6/28,0.001554003185614,0.0165328672247268,0,0,5.62219598583235,36.35829715811356,DUT;RRM1;RRM2;TXNRD1;AK6;TYMS
107,Reactome_2022,Prefoldin Mediated Transfer Of Substrate To CCT/TriC R-HSA-389957,6/28,0.001554003185614,0.0165328672247268,0,0,5.62219598583235,36.35829715811356,TUBA1C;TUBB6;TUBB2B;TUBB3;TUBB4B;TUBA4A
108,Reactome_2022,Diseases Of Programmed Cell Death R-HSA-9645723,10/71,0.0015824327154387,0.0165469124712853,0,0,3.3872059871703493,21.84338661072084,H2AZ1;PRIM2;POLA1;POLA2;PRIM1;CDC25C;LMNB1;CDC25B;CDK5R1;EZH2
109,Reactome_2022,Hemostasis R-HSA-109582,43/576,0.0015841256499925,0.0165469124712853,0,0,1.6859980836388018,10.870848055752727,SERPINE1;ATP2A3;PDGFA;ITPR3;PIK3CB;KIF11;SLC7A11;LRP8;PIK3R5;KIF15;RACGAP1;PLAU;KCNMB1;PRKAR2A;PLCG2;FLNA;PRKG2;TIMP1;HRAS;NANOS1;TGFB2;ITGA3;TGFB3;ACTN1;IRAG1;PLAUR;KIF23;KIF22;SERPINB8;TUBA4A;ADRA2A;CENPE;KIF18A;KIF18B;KIFC1;MAFF;SDC1;ITGA6;TAGLN2;KIF2C;ITGA5;KIF20A;KIF20B
110,Reactome_2022,Resolution Of Abasic Sites (AP Sites) R-HSA-73933,7/38,0.0016385092467216,0.0169607849052541,0,0,4.657777933107329,29.874840693450484,RFC5;PCNA;RFC4;POLD1;POLE2;POLE;UNG
111,Reactome_2022,Telomere C-strand Synthesis Initiation R-HSA-174430,4/12,0.0017033933252611,0.0174749904529025,0,0,10.292656587473004,65.61705408945284,POLA1;PRIM2;POLA2;PRIM1
112,Reactome_2022,Assembly Of Pre-Replicative Complex R-HSA-68867,13/110,0.0017859703436042,0.0181599993345243,0,0,2.7729260587527684,17.54650321767424,H2AZ1;CDT1;MCM7;UBE2C;MCM8;GMNN;CDC6;PSMD8;UBE2S;MCM3;MCM4;MCM5;MCM6
113,Reactome_2022,Microbial Modulation Of RIPK1-mediated Regulated Necrosis R-HSA-9686347,3/6,0.00180322399185,0.0181745997073303,0,0,20.568500539374327,129.95547042398627,RRM1;RIPK3;GNL3
114,Reactome_2022,Phosphorylation Of APC/C R-HSA-176412,5/20,0.0018587570664653,0.0185714075597273,0,0,6.866666666666666,43.17655117480887,CCNB1;UBE2C;UBE2S;PLK1;CDK1
115,Reactome_2022,Translesion Synthesis By Y Family DNA Polymerases Bypasses Lesions On DNA Template R-HSA-110313,7/39,0.0019180281423279,0.0189983994442657,0,0,4.511985373781148,28.229045317708803,RFC5;PCNA;RFC4;POLD1;POLE2;PCLAF;POLE
116,Reactome_2022,RHOC GTPase Cycle R-HSA-9013106,10/73,0.0019590900981875,0.0192392694257906,0,0,3.2793305728088336,20.447528426479547,ANLN;DEPDC1B;DIAPH3;TFRC;RACGAP1;PKN3;MCF2L;MCAM;IQGAP3;TJP2
117,Reactome_2022,Inactivation Of APC/C Via Direct Inhibition Of APC/C Complex R-HSA-141430,5/21,0.0023472224159922,0.0225097762196903,0,0,6.437162162162162,38.97394379403721,CDC20;UBE2C;UBE2S;BUB1B;MAD2L1
118,Reactome_2022,Chk1/Chk2(Cds1) Mediated Inactivation Of Cyclin B:Cdk1 Complex R-HSA-75035,4/13,0.0023704812206984,0.0225097762196903,0,0,9.148548116150709,55.29988387673891,CCNB1;CHEK1;CDK1;CDC25C
119,Reactome_2022,Dissolution Of Fibrin Clot R-HSA-75205,4/13,0.0023704812206984,0.0225097762196903,0,0,9.148548116150709,55.29988387673891,PLAU;SERPINE1;PLAUR;SERPINB8
120,Reactome_2022,Inhibition Of Replication Initiation Of Damaged DNA By RB1/E2F1 R-HSA-113501,4/13,0.0023704812206984,0.0225097762196903,0,0,9.148548116150709,55.29988387673891,PRIM2;POLA1;POLA2;PRIM1
121,Reactome_2022,APC/C:Cdc20 Mediated Degradation Of Mitotic Proteins R-HSA-176409,10/75,0.0024049033712318,0.0226494587995521,0,0,3.17809364548495,19.164685077513433,CDC20;PSMD8;CCNA2;CCNB1;UBE2C;UBE2S;CDK1;BUB1B;NEK2;MAD2L1
122,Reactome_2022,Extracellular Matrix Organization R-HSA-1474244,25/291,0.0024254827613887,0.0226575584783388,0,0,1.9528102023013336,11.759285424814848,LAMA5;COL15A1;PCOLCE2;SERPINE1;NTN4;PDGFA;LAMC2;ACAN;COL10A1;TIMP1;TGFB2;TGFB3;ITGA3;ACTN1;MMP9;ADAM19;BCAN;COL2A1;COL5A3;COL7A1;MMP17;ITGA8;SDC1;ITGA6;ITGA5
123,Reactome_2022,Non-integrin membrane-ECM Interactions R-HSA-3000171,7/41,0.0025866192583401,0.0239679478051036,0,0,4.246128353833408,25.29590017807145,LAMA5;ACTN1;NTN4;PDGFA;SDC1;LAMC2;ITGA6
124,Reactome_2022,Signaling By MAPK Mutants R-HSA-9652817,3/7,0.0030467199448465,0.0280054497330294,0,0,15.425566343042073,89.37094476075141,DUSP10;DUSP8;DUSP9
125,Reactome_2022,Golgi Cisternae Pericentriolar Stack Reorganization R-HSA-162658,4/14,0.0031975185433163,0.0291583238592892,0,0,8.233261339092872,47.303216886618635,CCNB2;CCNB1;PLK1;CDK1
126,Reactome_2022,Condensation Of Prophase Chromosomes R-HSA-2299718,7/43,0.003421095517819,0.0309514862202685,0,0,4.00981100276875,22.766882666506973,H2AZ1;CCNB1;NCAPG2;PLK1;CDK1;NCAPD3;SMC4
127,Reactome_2022,Amino Acid Transport Across Plasma Membrane R-HSA-352230,6/33,0.0037492546176022,0.0333945236870154,0,0,4.57984607984608,25.583928052984152,SLC38A1;SLC6A15;SLC6A12;SLC16A10;SLC7A11;SLC7A3
128,Reactome_2022,Cooperation Of Prefoldin And TriC/CCT In Actin And Tubulin Folding R-HSA-389958,6/33,0.0037492546176022,0.0333945236870154,0,0,4.57984607984608,25.583928052984152,TUBA1C;TUBB6;TUBB2B;TUBB3;TUBB4B;TUBA4A
129,Reactome_2022,Depolymerisation Of Nuclear Lamina R-HSA-4419969,4/15,0.0042013435513804,0.0371334133887398,0,0,7.484390339681917,40.95721029859185,CCNB1;CDK1;LPIN3;LMNB1
130,Reactome_2022,APC/C:Cdc20 Mediated Degradation Of Cyclin B R-HSA-174048,5/24,0.0043678605124552,0.0383104712122979,0,0,5.419914651493599,29.44900856498932,CDC20;CCNB1;UBE2C;UBE2S;CDK1
131,Reactome_2022,Factors Involved In Megakaryocyte Development And Platelet Production R-HSA-983231,14/136,0.0044126013969689,0.0384096894327068,0,0,2.373756174386141,12.873570205966445,KIF23;KIF11;KIF22;KIF15;CENPE;KIF18A;KIF18B;RACGAP1;KIFC1;PRKAR2A;MAFF;KIF2C;KIF20A;KIF20B
132,Reactome_2022,Loss Of Nlp From Mitotic Centrosomes R-HSA-380259,9/69,0.0045285968731872,0.0391229910322714,0,0,3.096091205211726,16.71066659161275,PLK4;HAUS8;PLK1;CDK1;NEK2;HAUS6;TUBG1;TUBB4B;TUBA4A
133,Reactome_2022,Assembly Of Collagen Fibrils And Other Multimeric Structures R-HSA-2022090,8/57,0.0046403777754201,0.0397895079399833,0,0,3.3681880561335165,18.09713801042473,COL15A1;COL2A1;COL5A3;COL7A1;COL10A1;LAMC2;ITGA6;MMP9
134,Reactome_2022,NOTCH3 Intracellular Domain Regulates Transcription R-HSA-9013508,5/25,0.0052541073832241,0.0447182917283297,0,0,5.148648648648648,27.02394462134356,HEYL;HEY1;WWC1;FABP7;DLGAP5
135,Reactome_2022,Anchoring Of Basal Body To Plasma Membrane R-HSA-5620912,11/97,0.0053619859114686,0.0452721609264555,0,0,2.642204620796113,13.81455777332619,PLK4;HAUS8;PLK1;CDK1;CEP83;KIF24;NEK2;HAUS6;TUBG1;TUBB4B;TUBA4A
136,Reactome_2022,Cell-extracellular Matrix Interactions R-HSA-446353,4/16,0.005397986115687,0.0452721609264555,0,0,6.860331173506119,35.82279254688015,ACTN1;ILK;FLNA;LIMS2
137,Reactome_2022,Golgi-to-ER Retrograde Transport R-HSA-8856688,12/112,0.0058865144639941,0.0490116312980378,0,0,2.4797385620915033,12.73368373867912,CENPE;KIF18A;KIF18B;RACGAP1;KIFC1;KIF23;KIF2C;KIF20A;KIF11;KIF22;KIF20B;KIF15
138,Reactome_2022,Base Excision Repair R-HSA-73884,9/72,0.0060132487045501,0.0497066385721445,0,0,2.948192957964945,15.076440039863368,RFC5;H2AZ1;NEIL3;RFC4;PCNA;POLD1;POLE2;POLE;UNG
